month,region,rtype,sol
2014-01,Australia,country,184286.84097421818
2014-02,Australia,country,269818.36935978255
2014-03,Australia,country,210008.38412172123
2014-04,Australia,country,309582.94760567613
2014-05,Australia,country,152827.69762501476
2014-06,Australia,country,111198.90182328284
2014-07,Australia,country,100032.73075174967
2014-08,Australia,country,265435.42020516144
2014-09,Australia,country,183000.30888188258
2014-10,Australia,country,357669.80489089043
2014-11,Australia,country,130736.49090704194
2014-12,Australia,country,135797.93056370024
2015-01,Australia,country,282960.8141739666
2015-02,Australia,country,472222.5216897791
2015-03,Australia,country,404555.94002768694
2015-04,Australia,country,208777.52512418458
2015-05,Australia,country,155705.56651096442
2015-06,Australia,country,89815.98864986916
2015-07,Australia,country,89663.63350998246
2015-08,Australia,country,112618.22643048386
2015-09,Australia,country,121803.55667002161
2015-10,Australia,country,191343.81683384834
2015-11,Australia,country,322974.86726979614
2015-12,Australia,country,130699.35843194033
2016-01,Australia,country,99059.40406173746
2016-02,Australia,country,86005.8013735811
2016-03,Australia,country,101242.78144675997
2016-04,Australia,country,200121.4899722641
2016-05,Australia,country,219240.88169012425
2016-06,Australia,country,96926.01994372816
2016-07,Australia,country,103003.39039752955
2016-08,Australia,country,92668.19060603325
2016-09,Australia,country,138166.93840978201
2016-10,Australia,country,138988.28157483172
2016-11,Australia,country,181060.94682107394
2016-12,Australia,country,129811.07542887382
2017-01,Australia,country,186181.5939670659
2017-02,Australia,country,390429.50127920095
2017-03,Australia,country,442698.9385972271
2017-04,Australia,country,553307.4657997062
2017-05,Australia,country,558300.2912657387
2017-06,Australia,country,324659.20648490277
2017-07,Australia,country,323248.4291601553
2017-08,Australia,country,470366.4361665936
2017-09,Australia,country,633429.3978957462
2017-10,Australia,country,642403.6125952979
2017-11,Australia,country,698710.520784268
2017-12,Australia,country,562130.093822084
2018-01,Australia,country,362461.6787598319
2018-02,Australia,country,543141.835310777
2018-03,Australia,country,511306.1770383093
2018-04,Australia,country,723106.7077883572
2018-05,Australia,country,542851.3328692968
2018-06,Australia,country,319902.14692701015
2018-07,Australia,country,333129.9775019512
2018-08,Australia,country,311514.1357503358
2018-09,Australia,country,399638.15791826276
2018-10,Australia,country,505982.29393448064
2018-11,Australia,country,552798.645414569
2018-12,Australia,country,423824.856086352
2019-01,Australia,country,309610.4683288881
2019-02,Australia,country,348406.7922721928
2019-03,Australia,country,384067.5765727467
2019-04,Australia,country,544727.5990840098
2019-05,Australia,country,451944.215310653
2019-06,Australia,country,297171.32704989373
2019-07,Australia,country,255745.20459925814
2019-08,Australia,country,276109.7020077414
2019-09,Australia,country,332540.9312094421
2019-10,Australia,country,441663.81262403936
2019-11,Australia,country,558139.1465239819
2019-12,Australia,country,350049.9766121298
2020-01,Australia,country,172207.35221680664
2020-02,Australia,country,596148.8844806438
2020-03,Australia,country,683888.6860957908
2020-04,Australia,country,768195.0840335861
2020-05,Australia,country,571745.6485050442
2020-06,Australia,country,410127.5188913778
2020-07,Australia,country,452039.1810877034
2020-08,Australia,country,472250.8100913536
2020-09,Australia,country,531909.3060971443
2020-10,Australia,country,545081.2193113823
2020-11,Australia,country,624429.940811452
2020-12,Australia,country,466941.9487769157
2021-01,Australia,country,492593.6654162418
2021-02,Australia,country,462182.73213158833
2021-03,Australia,country,566036.5687509093
2021-04,Australia,country,781066.9386671728
2021-05,Australia,country,632909.545954821
2021-06,Australia,country,511983.32709206775
2021-07,Australia,country,430827.3484010797
2021-08,Australia,country,660083.033264897
2021-09,Australia,country,434580.9411743973
2021-10,Australia,country,669176.3984984005
2021-11,Australia,country,616119.7529978905
2021-12,Australia,country,615956.1677443025
2022-01,Australia,country,575816.9435071939
2022-02,Australia,country,621343.4021148392
2022-03,Australia,country,758192.4886277886
2022-04,Australia,country,826204.7853293053
2022-05,Australia,country,688164.8150409186
2022-06,Australia,country,539838.4404136946
2022-07,Australia,country,168754.28036420335
2022-08,Australia,country,463541.89095446566
2022-09,Australia,country,691169.7263767547
2022-10,Australia,country,697187.6856807101
2022-11,Australia,country,755367.1951729547
2022-12,Australia,country,520364.5554531198
2023-01,Australia,country,560829.1180347167
2023-02,Australia,country,618089.8467237107
2023-03,Australia,country,640062.9449630324
2023-04,Australia,country,831599.8371550692
2023-05,Australia,country,763947.3863422808
2023-06,Australia,country,559158.2014268562
2023-07,Australia,country,552061.4125817296
2023-08,Australia,country,665238.1422038779
2023-09,Australia,country,894222.6656637883
2023-10,Australia,country,1205137.8898581695
2023-11,Australia,country,1349892.7816017778
2023-12,Australia,country,721840.2214731115
2024-01,Australia,country,558410.04666425
2024-02,Australia,country,671904.5899625401
2024-03,Australia,country,779265.0982115518
2024-04,Australia,country,835058.5667706559
2024-05,Australia,country,631051.1826592917
2024-06,Australia,country,628395.4198374685
2024-07,Australia,country,577360.282970617
2024-08,Australia,country,771829.3520346787
2024-09,Australia,country,750124.2815653242
2024-10,Australia,country,980969.3148927506
2024-11,Australia,country,941613.916141657
2024-12,Australia,country,621771.6285707455
2025-01,Australia,country,840899.3666812559
2025-02,Australia,country,813363.9270720655
2025-03,Australia,country,788195.0409030162
2025-04,Australia,country,939208.0743299278
2025-05,Australia,country,715404.3821964423
2025-06,Australia,country,518828.64022526285
2025-07,Australia,country,562945.9388590102
2025-08,Australia,country,616467.7009531884
2025-09,Australia,country,748168.6881463645
2025-10,Australia,country,1028629.4945601237
2025-11,Australia,country,877760.7635750169
2025-12,Australia,country,655808.7704220982
2026-01,Australia,country,640921.4756023765
2026-02,Australia,country,632294.2078592741
2026-03,Australia,country,711180.5606680189
2026-04,Australia,country,761492.1984732058
2026-05,Australia,country,749835.1855803742
2026-06,Australia,country,584236.4714156085
2026-07,Australia,country,548731.2525000555
2014-01,Canada,country,216700.59233901632
2014-02,Canada,country,197255.5795605095
2014-03,Canada,country,168946.3075440619
2014-04,Canada,country,150284.639242284
2014-05,Canada,country,113057.02544618091
2014-06,Canada,country,97929.95224513618
2014-07,Canada,country,148221.9823290489
2014-08,Canada,country,264331.9628000962
2014-09,Canada,country,204099.98158077642
2014-10,Canada,country,235296.6520154286
2014-11,Canada,country,197118.6816289535
2014-12,Canada,country,310678.2389408681
2015-01,Canada,country,285119.9391049913
2015-02,Canada,country,325018.6293301443
2015-03,Canada,country,321376.126738456
2015-04,Canada,country,275465.3475276367
2015-05,Canada,country,184783.16134054796
2015-06,Canada,country,118830.33283311606
2015-07,Canada,country,143354.88974129985
2015-08,Canada,country,275729.338454913
2015-09,Canada,country,259092.19196742662
2015-10,Canada,country,208357.22274602196
2015-11,Canada,country,346531.67602506594
2015-12,Canada,country,281902.31536154426
2016-01,Canada,country,253550.6753894086
2016-02,Canada,country,275730.5033156418
2016-03,Canada,country,185231.6949473418
2016-04,Canada,country,151991.9517383157
2016-05,Canada,country,195042.80879548882
2016-06,Canada,country,98640.86456384743
2016-07,Canada,country,113453.98296988074
2016-08,Canada,country,221851.89734877137
2016-09,Canada,country,261793.67999159993
2016-10,Canada,country,239883.81711931198
2016-11,Canada,country,224661.72119736395
2016-12,Canada,country,264371.9682234371
2017-01,Canada,country,283431.66805517
2017-02,Canada,country,303924.71783011954
2017-03,Canada,country,323821.7742259069
2017-04,Canada,country,370467.82411133125
2017-05,Canada,country,184821.58818088286
2017-06,Canada,country,99788.6782381104
2017-07,Canada,country,142441.19091721514
2017-08,Canada,country,297675.1225903967
2017-09,Canada,country,247489.75662267455
2017-10,Canada,country,241468.22629471507
2017-11,Canada,country,281615.88758135354
2017-12,Canada,country,295676.3466241355
2018-01,Canada,country,251452.46931381954
2018-02,Canada,country,219667.11328956028
2018-03,Canada,country,257933.7379099964
2018-04,Canada,country,322716.62425846176
2018-05,Canada,country,220485.30588327468
2018-06,Canada,country,103697.64681241372
2018-07,Canada,country,139263.3065762802
2018-08,Canada,country,223872.80321182907
2018-09,Canada,country,178718.05741689913
2018-10,Canada,country,189404.91042064654
2018-11,Canada,country,282466.8988045799
2018-12,Canada,country,253286.13247503384
2019-01,Canada,country,254692.72494357018
2019-02,Canada,country,283560.148476471
2019-03,Canada,country,249799.8714464858
2019-04,Canada,country,254718.92661207702
2019-05,Canada,country,205967.598398945
2019-06,Canada,country,92330.53045825232
2019-07,Canada,country,137742.1726834611
2019-08,Canada,country,219837.30362709356
2019-09,Canada,country,269423.45852425136
2019-10,Canada,country,251538.86995321544
2019-11,Canada,country,186924.56709225298
2019-12,Canada,country,210619.53378024462
2020-01,Canada,country,187039.05210369756
2020-02,Canada,country,256411.6186113028
2020-03,Canada,country,209202.69839158966
2020-04,Canada,country,243898.55141662338
2020-05,Canada,country,174469.34113419062
2020-06,Canada,country,134275.9682645387
2020-07,Canada,country,156472.2704842442
2020-08,Canada,country,234298.98983545185
2020-09,Canada,country,207727.57986596852
2020-10,Canada,country,237365.4728176755
2020-11,Canada,country,247497.93577746648
2020-12,Canada,country,251943.55268219794
2021-01,Canada,country,238753.25718889353
2021-02,Canada,country,327844.5577586803
2021-03,Canada,country,253998.17795765752
2021-04,Canada,country,248294.40533372108
2021-05,Canada,country,195614.57008169004
2021-06,Canada,country,146104.92120268685
2021-07,Canada,country,158319.09835789562
2021-08,Canada,country,196426.03550178782
2021-09,Canada,country,223601.5422766294
2021-10,Canada,country,222349.48456118972
2021-11,Canada,country,324982.41120158334
2021-12,Canada,country,261758.6944613997
2022-01,Canada,country,287092.98494777613
2022-02,Canada,country,324529.02166382794
2022-03,Canada,country,249169.15779252426
2022-04,Canada,country,291074.9168283929
2022-05,Canada,country,240739.14267726298
2022-06,Canada,country,156457.6354945411
2022-07,Canada,country,89482.20637881778
2022-08,Canada,country,214706.71030740792
2022-09,Canada,country,312137.61157172493
2022-10,Canada,country,311085.4999606798
2022-11,Canada,country,350999.8418243578
2022-12,Canada,country,368354.3161418462
2023-01,Canada,country,324368.05066170107
2023-02,Canada,country,399891.7789769368
2023-03,Canada,country,329117.041945453
2023-04,Canada,country,241080.86012414013
2023-05,Canada,country,187146.95517276577
2023-06,Canada,country,153710.50086258294
2023-07,Canada,country,166227.84001428747
2023-08,Canada,country,180305.37103864425
2023-09,Canada,country,247858.80684556745
2023-10,Canada,country,257317.9014572696
2023-11,Canada,country,285087.12613328546
2023-12,Canada,country,375185.7377177486
2024-01,Canada,country,272000.9881178093
2024-02,Canada,country,248586.92780889955
2024-03,Canada,country,228466.97836230532
2024-04,Canada,country,271268.68507416843
2024-05,Canada,country,227305.19853793344
2024-06,Canada,country,143217.98500834833
2024-07,Canada,country,137452.50877264814
2024-08,Canada,country,301134.53174840973
2024-09,Canada,country,270067.44887981284
2024-10,Canada,country,277922.27132200653
2024-11,Canada,country,305032.44310386636
2024-12,Canada,country,304767.79405374615
2025-01,Canada,country,407832.60117521975
2025-02,Canada,country,298185.3388280436
2025-03,Canada,country,274019.5170673919
2025-04,Canada,country,321423.70370799996
2025-05,Canada,country,241464.56730288392
2025-06,Canada,country,211465.07101577675
2025-07,Canada,country,180860.15817415752
2025-08,Canada,country,199265.73294909197
2025-09,Canada,country,235193.52836536386
2025-10,Canada,country,369934.84262221714
2025-11,Canada,country,365955.212183829
2025-12,Canada,country,391846.3196279894
2026-01,Canada,country,540774.2953263648
2026-02,Canada,country,392572.40772207425
2026-03,Canada,country,387630.5996553838
2026-04,Canada,country,294826.6031638812
2026-05,Canada,country,164126.49783819582
2026-06,Canada,country,146036.73545765664
2026-07,Canada,country,151320.1920512246
2014-01,China,country,1343274.895773773
2014-02,China,country,1273793.1815999246
2014-03,China,country,1073542.6888264907
2014-04,China,country,1066085.2606700098
2014-05,China,country,1320620.3552372188
2014-06,China,country,1204819.1618955089
2014-07,China,country,1213767.703931744
2014-08,China,country,1410019.8124540406
2014-09,China,country,1258220.6234296826
2014-10,China,country,1358570.2912768726
2014-11,China,country,919661.1664847061
2014-12,China,country,1826028.9437200013
2015-01,China,country,1324434.1216037492
2015-02,China,country,1793797.8584341598
2015-03,China,country,1240733.8033066161
2015-04,China,country,1187646.9496150305
2015-05,China,country,1220684.5218159126
2015-06,China,country,1191296.6809120816
2015-07,China,country,1013134.4469377885
2015-08,China,country,968725.2505295908
2015-09,China,country,1044696.2164006494
2015-10,China,country,1120552.8846108436
2015-11,China,country,1320063.4054777955
2015-12,China,country,1595662.2697100188
2016-01,China,country,1091031.7676877163
2016-02,China,country,1220360.7904661926
2016-03,China,country,1014329.7938757109
2016-04,China,country,909791.8162595809
2016-05,China,country,1272007.934439038
2016-06,China,country,1181048.252827336
2016-07,China,country,959969.801412458
2016-08,China,country,957589.4952045474
2016-09,China,country,1160645.7537820276
2016-10,China,country,1428568.1815268886
2016-11,China,country,1256303.9222490978
2016-12,China,country,1472410.2519612974
2017-01,China,country,1797844.8453207582
2017-02,China,country,1732851.4142808549
2017-03,China,country,1646065.3095390154
2017-04,China,country,1775350.5290193923
2017-05,China,country,1950947.8464901566
2017-06,China,country,1595711.945205035
2017-07,China,country,1627252.1137541076
2017-08,China,country,1827643.4472295265
2017-09,China,country,1828048.9563579033
2017-10,China,country,2190510.7773668636
2017-11,China,country,1983029.8120054726
2017-12,China,country,1668438.4600115593
2018-01,China,country,1807639.1878306298
2018-02,China,country,1960649.8658912345
2018-03,China,country,1772168.116902896
2018-04,China,country,1860749.5036563713
2018-05,China,country,1924889.1930866311
2018-06,China,country,1800485.2661738175
2018-07,China,country,1693302.100070799
2018-08,China,country,1767701.5657451309
2018-09,China,country,1681746.9225675801
2018-10,China,country,2024045.3739337886
2018-11,China,country,2070784.4896808323
2018-12,China,country,1660637.9715830728
2019-01,China,country,1634288.4120446944
2019-02,China,country,1853678.8529939796
2019-03,China,country,1982735.6784275973
2019-04,China,country,1800046.665961553
2019-05,China,country,1990460.967047198
2019-06,China,country,2014690.0989289077
2019-07,China,country,1724268.119997593
2019-08,China,country,1744494.4346636452
2019-09,China,country,1914181.560492317
2019-10,China,country,2278473.1974913427
2019-11,China,country,2118961.4106141767
2019-12,China,country,2103399.179784417
2020-01,China,country,1748013.6806640148
2020-02,China,country,2054179.7513958898
2020-03,China,country,1910364.9290965318
2020-04,China,country,2104087.042746551
2020-05,China,country,2369101.448010321
2020-06,China,country,2408586.7893834584
2020-07,China,country,2185987.5845915014
2020-08,China,country,2084103.2648498856
2020-09,China,country,1934328.4865475285
2020-10,China,country,2301582.564258186
2020-11,China,country,2324841.5208584475
2020-12,China,country,2263124.8330204035
2021-01,China,country,2397522.9944461323
2021-02,China,country,2459435.817831096
2021-03,China,country,2047146.199768607
2021-04,China,country,2189961.1330850627
2021-05,China,country,2473445.9020463754
2021-06,China,country,2685503.1096408647
2021-07,China,country,2452275.655231812
2021-08,China,country,2416479.340282576
2021-09,China,country,2137887.648109091
2021-10,China,country,2322800.5173377795
2021-11,China,country,2499684.099957637
2021-12,China,country,2643038.489957043
2022-01,China,country,2523851.7997587346
2022-02,China,country,2704043.763995346
2022-03,China,country,2527118.8332522623
2022-04,China,country,2556236.4466101057
2022-05,China,country,2691338.5759495585
2022-06,China,country,2802013.0557596968
2022-07,China,country,1278866.466837868
2022-08,China,country,1978229.3365372906
2022-09,China,country,2484323.0272725024
2022-10,China,country,2479326.566851149
2022-11,China,country,2479846.256830197
2022-12,China,country,2843027.2088650027
2023-01,China,country,3031516.5950467233
2023-02,China,country,2457880.141727668
2023-03,China,country,2435841.8452895535
2023-04,China,country,2443429.359185176
2023-05,China,country,2886956.343338327
2023-06,China,country,3078864.192450556
2023-07,China,country,2573435.9847573102
2023-08,China,country,2564485.990735398
2023-09,China,country,2648210.192881836
2023-10,China,country,2867827.204621588
2023-11,China,country,3071681.749354697
2023-12,China,country,2952323.7598746554
2024-01,China,country,2695266.2329091737
2024-02,China,country,3046591.8468098724
2024-03,China,country,2534202.6639315924
2024-04,China,country,2479394.2800722644
2024-05,China,country,2698787.300584175
2024-06,China,country,2771862.3178759245
2024-07,China,country,2625518.601853443
2024-08,China,country,2786540.178563684
2024-09,China,country,2556707.0777121163
2024-10,China,country,2862488.725865387
2024-11,China,country,2968397.349725381
2024-12,China,country,2992276.5161841875
2025-01,China,country,2921961.8731229925
2025-02,China,country,2896148.1613992346
2025-03,China,country,2563596.2805330013
2025-04,China,country,2745671.5294217514
2025-05,China,country,2922098.198573376
2025-06,China,country,2930239.4022712386
2025-07,China,country,2607705.2955528055
2025-08,China,country,2544517.889830924
2025-09,China,country,2802895.0893103597
2025-10,China,country,2741678.0708290036
2025-11,China,country,2610443.7276908075
2025-12,China,country,2722539.52509579
2026-01,China,country,2992618.4855361553
2026-02,China,country,2970236.2530101608
2026-03,China,country,2460960.3203276247
2026-04,China,country,2543843.1686499673
2026-05,China,country,2865311.9196580574
2026-06,China,country,2863563.9208682585
2026-07,China,country,2677797.0094096735
2014-01,India,country,529278.145607664
2014-02,India,country,617186.8962756058
2014-03,India,country,668512.6324592431
2014-04,India,country,689008.9481164502
2014-05,India,country,560994.9533557504
2014-06,India,country,451898.9719645488
2014-07,India,country,430624.4348035852
2014-08,India,country,465065.00257981505
2014-09,India,country,590546.9615784114
2014-10,India,country,650987.0836791225
2014-11,India,country,492989.52838953154
2014-12,India,country,622656.7302193511
2015-01,India,country,608099.2670716564
2015-02,India,country,749681.9100663838
2015-03,India,country,696848.9554740521
2015-04,India,country,691491.3959284495
2015-05,India,country,580781.3567797481
2015-06,India,country,460250.05687011004
2015-07,India,country,424141.1983923181
2015-08,India,country,462620.85996681964
2015-09,India,country,535316.462918179
2015-10,India,country,622543.246856887
2015-11,India,country,746105.6752520202
2015-12,India,country,680882.2798156943
2016-01,India,country,543587.6830659395
2016-02,India,country,558200.1386420373
2016-03,India,country,627498.9826637292
2016-04,India,country,631633.8877591591
2016-05,India,country,636115.4824070284
2016-06,India,country,528897.1279020166
2016-07,India,country,359370.05277628335
2016-08,India,country,444895.2250562841
2016-09,India,country,552365.5379151145
2016-10,India,country,733937.3228274498
2016-11,India,country,632754.4538586662
2016-12,India,country,585816.6065326532
2017-01,India,country,693237.3256473345
2017-02,India,country,813832.0434084252
2017-03,India,country,787119.0413068008
2017-04,India,country,862367.4282073538
2017-05,India,country,787202.1616564819
2017-06,India,country,685953.2535632519
2017-07,India,country,519021.81212222204
2017-08,India,country,659419.6542884887
2017-09,India,country,772348.8878214316
2017-10,India,country,930522.6132754504
2017-11,India,country,832349.5683059933
2017-12,India,country,734796.0744139533
2018-01,India,country,724883.8553961688
2018-02,India,country,846676.8194939516
2018-03,India,country,839752.4399870189
2018-04,India,country,931453.9532233615
2018-05,India,country,751394.5380093451
2018-06,India,country,726540.1949096492
2018-07,India,country,435913.600814539
2018-08,India,country,532294.6197496748
2018-09,India,country,736543.5152309313
2018-10,India,country,814776.2901919092
2018-11,India,country,910609.0149228192
2018-12,India,country,770565.3792329262
2019-01,India,country,753667.58708514
2019-02,India,country,809142.837494773
2019-03,India,country,884863.084894572
2019-04,India,country,884562.1665297945
2019-05,India,country,888714.5403189516
2019-06,India,country,766807.1643534569
2019-07,India,country,530911.6658602068
2019-08,India,country,562344.6627470931
2019-09,India,country,558483.7499675292
2019-10,India,country,891552.3467258821
2019-11,India,country,780839.5921234663
2019-12,India,country,724119.2442643349
2020-01,India,country,653033.594465441
2020-02,India,country,932533.54018637
2020-03,India,country,901373.0326965299
2020-04,India,country,930827.03410598
2020-05,India,country,828299.7616738956
2020-06,India,country,692311.252585942
2020-07,India,country,578121.5769458018
2020-08,India,country,539091.8304093708
2020-09,India,country,608296.596952762
2020-10,India,country,800075.7512397771
2020-11,India,country,1020087.9748278849
2020-12,India,country,873588.0233009929
2021-01,India,country,755879.626591419
2021-02,India,country,889058.9472370691
2021-03,India,country,966726.6570549153
2021-04,India,country,1020965.2499105529
2021-05,India,country,888054.5809942961
2021-06,India,country,797164.7854233398
2021-07,India,country,666817.5101252077
2021-08,India,country,643358.6130527919
2021-09,India,country,688370.754681323
2021-10,India,country,903954.7643606726
2021-11,India,country,995815.304247292
2021-12,India,country,929377.5968215119
2022-01,India,country,854907.1685360193
2022-02,India,country,985277.9177220454
2022-03,India,country,1104813.268842817
2022-04,India,country,1052380.8679573396
2022-05,India,country,1048098.7684868756
2022-06,India,country,936751.3984332398
2022-07,India,country,141760.40449962293
2022-08,India,country,700646.8970033206
2022-09,India,country,972453.403209485
2022-10,India,country,1062046.5341007689
2022-11,India,country,1002481.978049565
2022-12,India,country,972544.5168583888
2023-01,India,country,945953.4831725921
2023-02,India,country,1107366.51092216
2023-03,India,country,1064185.686480386
2023-04,India,country,1185159.1982971197
2023-05,India,country,1130759.483432889
2023-06,India,country,1005766.6984922352
2023-07,India,country,643168.5197623366
2023-08,India,country,932169.113828091
2023-09,India,country,899476.2634757818
2023-10,India,country,1124613.1775147102
2023-11,India,country,1206980.1060310507
2023-12,India,country,1062802.114191324
2024-01,India,country,938792.7064329326
2024-02,India,country,1092304.4015336393
2024-03,India,country,1289377.2015891594
2024-04,India,country,1253654.8294639706
2024-05,India,country,1162020.7749638986
2024-06,India,country,1076327.6458409205
2024-07,India,country,543776.1192540933
2024-08,India,country,783345.1965535587
2024-09,India,country,1007687.8631673106
2024-10,India,country,1194005.4635228482
2024-11,India,country,1183189.276101278
2024-12,India,country,1142963.8610670518
2025-01,India,country,1110462.5338789136
2025-02,India,country,1283546.7634332264
2025-03,India,country,1269470.8592585705
2025-04,India,country,1353904.8460869943
2025-05,India,country,1224515.8432344422
2025-06,India,country,1113435.7631472156
2025-07,India,country,602993.9129564825
2025-08,India,country,850381.7793618537
2025-09,India,country,1161696.4812162223
2025-10,India,country,1299266.2892626124
2025-11,India,country,1102776.7381526227
2025-12,India,country,1073090.34791007
2026-01,India,country,1193016.0564289193
2026-02,India,country,1336411.5112755154
2026-03,India,country,1361637.2485330086
2026-04,India,country,1400397.2249865665
2026-05,India,country,1265956.9140074374
2026-06,India,country,1180105.940096415
2026-07,India,country,647900.5464284483
2014-01,Japan,country,221756.04362795348
2014-02,Japan,country,207432.9898317958
2014-03,Japan,country,182227.7945001757
2014-04,Japan,country,153826.7711610872
2014-05,Japan,country,165839.83733606414
2014-06,Japan,country,149646.31509387874
2014-07,Japan,country,160322.87968288138
2014-08,Japan,country,162610.39703710927
2014-09,Japan,country,149424.86664515152
2014-10,Japan,country,148973.71235251857
2014-11,Japan,country,141340.33499154542
2014-12,Japan,country,229361.36765986145
2015-01,Japan,country,211535.1097235255
2015-02,Japan,country,207895.73869797977
2015-03,Japan,country,164130.26483737407
2015-04,Japan,country,148975.2028057725
2015-05,Japan,country,158421.4380626394
2015-06,Japan,country,148657.9744942869
2015-07,Japan,country,156516.33236985782
2015-08,Japan,country,135809.1485512734
2015-09,Japan,country,151556.81959866406
2015-10,Japan,country,157518.14423763024
2015-11,Japan,country,154712.70758604354
2015-12,Japan,country,184174.94385673548
2016-01,Japan,country,208442.2767728305
2016-02,Japan,country,198389.51121297304
2016-03,Japan,country,170360.99112780706
2016-04,Japan,country,141200.06840547523
2016-05,Japan,country,150396.31935484742
2016-06,Japan,country,159149.89138699358
2016-07,Japan,country,138385.3388319917
2016-08,Japan,country,140959.8257506435
2016-09,Japan,country,139317.4656772292
2016-10,Japan,country,157864.42183703653
2016-11,Japan,country,157563.20691286927
2016-12,Japan,country,197468.206341433
2017-01,Japan,country,232114.3389852966
2017-02,Japan,country,227018.76477216973
2017-03,Japan,country,190211.28115829892
2017-04,Japan,country,172777.68054301987
2017-05,Japan,country,191590.3744375322
2017-06,Japan,country,181848.61465289566
2017-07,Japan,country,168714.80058438424
2017-08,Japan,country,172391.62200014017
2017-09,Japan,country,169646.10379137
2017-10,Japan,country,189226.5575260095
2017-11,Japan,country,204588.27312975356
2017-12,Japan,country,231268.41864664777
2018-01,Japan,country,251276.8024506062
2018-02,Japan,country,255341.54675673117
2018-03,Japan,country,200491.0868648377
2018-04,Japan,country,176048.89742338104
2018-05,Japan,country,190492.07821726435
2018-06,Japan,country,175717.01806381223
2018-07,Japan,country,169726.0470457416
2018-08,Japan,country,178809.19227499748
2018-09,Japan,country,156153.6867491418
2018-10,Japan,country,176573.49612490952
2018-11,Japan,country,172877.3311701463
2018-12,Japan,country,217741.78950643106
2019-01,Japan,country,232342.5530400385
2019-02,Japan,country,222330.65422178316
2019-03,Japan,country,197191.81628711143
2019-04,Japan,country,173334.72378370358
2019-05,Japan,country,185302.7010998664
2019-06,Japan,country,191500.28213404687
2019-07,Japan,country,163282.92347141754
2019-08,Japan,country,172153.2478555406
2019-09,Japan,country,172743.91067927203
2019-10,Japan,country,185843.10626820254
2019-11,Japan,country,188182.2922119523
2019-12,Japan,country,212194.79057515014
2020-01,Japan,country,188447.4542840996
2020-02,Japan,country,213454.57377325697
2020-03,Japan,country,185625.6054779689
2020-04,Japan,country,175449.25645615748
2020-05,Japan,country,186847.5173603534
2020-06,Japan,country,185652.5797240489
2020-07,Japan,country,143751.5249111464
2020-08,Japan,country,181560.60455767173
2020-09,Japan,country,149582.6661270584
2020-10,Japan,country,176782.09621350083
2020-11,Japan,country,184590.68214210003
2020-12,Japan,country,223039.77987521884
2021-01,Japan,country,259805.96844802616
2021-02,Japan,country,238760.89110090013
2021-03,Japan,country,200767.75087574145
2021-04,Japan,country,191378.4407729766
2021-05,Japan,country,175087.06716031028
2021-06,Japan,country,207798.60555179117
2021-07,Japan,country,179498.4943236407
2021-08,Japan,country,196948.1946694745
2021-09,Japan,country,158076.74056895022
2021-10,Japan,country,183938.49604552967
2021-11,Japan,country,177718.80887915948
2021-12,Japan,country,205920.94493919873
2022-01,Japan,country,259765.10303154512
2022-02,Japan,country,263676.32899587037
2022-03,Japan,country,209858.29426140862
2022-04,Japan,country,196846.1145587138
2022-05,Japan,country,199661.7997646309
2022-06,Japan,country,203514.62491064114
2022-07,Japan,country,175915.19038998397
2022-08,Japan,country,144411.9554991774
2022-09,Japan,country,181000.63353444665
2022-10,Japan,country,186542.08405893843
2022-11,Japan,country,178982.3032003775
2022-12,Japan,country,252313.01696664328
2023-01,Japan,country,276380.25922227185
2023-02,Japan,country,251342.0695098354
2023-03,Japan,country,200269.83270539172
2023-04,Japan,country,177491.87300874194
2023-05,Japan,country,206623.8606124743
2023-06,Japan,country,210238.22004891877
2023-07,Japan,country,195461.13933313335
2023-08,Japan,country,185076.97911898774
2023-09,Japan,country,189125.0221705081
2023-10,Japan,country,199030.4606327864
2023-11,Japan,country,204506.49746711057
2023-12,Japan,country,209164.76907439143
2024-01,Japan,country,214543.74615700045
2024-02,Japan,country,231590.42744513284
2024-03,Japan,country,210221.2245205418
2024-04,Japan,country,200387.13225450373
2024-05,Japan,country,204309.7747408891
2024-06,Japan,country,208538.4852117614
2024-07,Japan,country,194241.2896311994
2024-08,Japan,country,192031.81594654426
2024-09,Japan,country,184177.11089194645
2024-10,Japan,country,198992.90621800747
2024-11,Japan,country,199401.3881964075
2024-12,Japan,country,219897.28350841207
2025-01,Japan,country,207046.7498034076
2025-02,Japan,country,235180.98985365426
2025-03,Japan,country,185523.22442858148
2025-04,Japan,country,206379.4061862717
2025-05,Japan,country,200604.14108896648
2025-06,Japan,country,204612.06395919446
2025-07,Japan,country,194330.01526195
2025-08,Japan,country,185482.30383021277
2025-09,Japan,country,198796.00249749422
2025-10,Japan,country,191022.02200312293
2025-11,Japan,country,175704.83012271085
2025-12,Japan,country,217067.12951346266
2026-01,Japan,country,247597.93582235885
2026-02,Japan,country,222490.74656138587
2026-03,Japan,country,203483.32198523163
2026-04,Japan,country,184449.44820496114
2026-05,Japan,country,206000.03622412018
2026-06,Japan,country,204048.90674848898
2026-07,Japan,country,182425.5986042605
2014-01,South Korea,country,109634.59310880114
2014-02,South Korea,country,92171.98898728155
2014-03,South Korea,country,98210.98768682781
2014-04,South Korea,country,99487.82817493632
2014-05,South Korea,country,105751.70506044115
2014-06,South Korea,country,91315.19618335545
2014-07,South Korea,country,83972.46926412728
2014-08,South Korea,country,93150.31142457736
2014-09,South Korea,country,93442.28386531728
2014-10,South Korea,country,103361.68314991033
2014-11,South Korea,country,95219.0026572769
2014-12,South Korea,country,136509.34889569666
2015-01,South Korea,country,112979.54015277792
2015-02,South Korea,country,109599.50801147829
2015-03,South Korea,country,110432.13198795135
2015-04,South Korea,country,101362.09073973776
2015-05,South Korea,country,111927.08038638046
2015-06,South Korea,country,92607.59279538604
2015-07,South Korea,country,79738.83349349118
2015-08,South Korea,country,89806.39309637742
2015-09,South Korea,country,102553.11777506919
2015-10,South Korea,country,101156.61663307728
2015-11,South Korea,country,90464.3068315668
2015-12,South Korea,country,112851.27103552839
2016-01,South Korea,country,114215.90745429655
2016-02,South Korea,country,112047.20212341796
2016-03,South Korea,country,104220.27889500796
2016-04,South Korea,country,103698.41631083372
2016-05,South Korea,country,110223.11502144349
2016-06,South Korea,country,103717.94597986812
2016-07,South Korea,country,87933.84489357528
2016-08,South Korea,country,98124.9090299913
2016-09,South Korea,country,84573.77803790782
2016-10,South Korea,country,108110.58801518277
2016-11,South Korea,country,107669.51582688151
2016-12,South Korea,country,119273.31647954263
2017-01,South Korea,country,140760.02329193283
2017-02,South Korea,country,123949.26238957178
2017-03,South Korea,country,109367.75774599303
2017-04,South Korea,country,123245.0454395277
2017-05,South Korea,country,122740.3249326684
2017-06,South Korea,country,112771.61997028661
2017-07,South Korea,country,92963.57698417264
2017-08,South Korea,country,102666.49686091884
2017-09,South Korea,country,106677.6423064358
2017-10,South Korea,country,122830.77089315608
2017-11,South Korea,country,123018.47184758223
2017-12,South Korea,country,137626.16012225414
2018-01,South Korea,country,141464.81001118134
2018-02,South Korea,country,139900.18773779197
2018-03,South Korea,country,116031.77567987969
2018-04,South Korea,country,121893.7206160422
2018-05,South Korea,country,118681.74371973715
2018-06,South Korea,country,114936.98524098146
2018-07,South Korea,country,117273.50321157179
2018-08,South Korea,country,112172.46329954892
2018-09,South Korea,country,110873.80946107655
2018-10,South Korea,country,122054.41407116243
2018-11,South Korea,country,124809.40287990886
2018-12,South Korea,country,137162.14816649523
2019-01,South Korea,country,133339.54805256403
2019-02,South Korea,country,126460.31666585658
2019-03,South Korea,country,124699.87837964694
2019-04,South Korea,country,123963.55411977705
2019-05,South Korea,country,128734.3714270967
2019-06,South Korea,country,117923.64897341291
2019-07,South Korea,country,110109.5812846174
2019-08,South Korea,country,117989.44213847566
2019-09,South Korea,country,109263.81723879905
2019-10,South Korea,country,123519.22315812734
2019-11,South Korea,country,131635.74945896154
2019-12,South Korea,country,137650.6188564547
2020-01,South Korea,country,133486.19617102464
2020-02,South Korea,country,133554.94254527762
2020-03,South Korea,country,135762.61596432197
2020-04,South Korea,country,130547.56393192014
2020-05,South Korea,country,124299.17593548603
2020-06,South Korea,country,116099.87780079585
2020-07,South Korea,country,103351.79121322467
2020-08,South Korea,country,108747.15799498267
2020-09,South Korea,country,115637.51382684527
2020-10,South Korea,country,132307.01178936634
2020-11,South Korea,country,128393.20885957361
2020-12,South Korea,country,148526.95263519004
2021-01,South Korea,country,177559.2540442885
2021-02,South Korea,country,141691.31317886856
2021-03,South Korea,country,131463.02659918644
2021-04,South Korea,country,139216.57054684593
2021-05,South Korea,country,125252.49654151294
2021-06,South Korea,country,127767.05770154147
2021-07,South Korea,country,111571.4008981439
2021-08,South Korea,country,123541.64867543484
2021-09,South Korea,country,121554.484735577
2021-10,South Korea,country,115213.41842106744
2021-11,South Korea,country,132248.57040707738
2021-12,South Korea,country,149608.5273588015
2022-01,South Korea,country,142789.78378322165
2022-02,South Korea,country,151128.15006923888
2022-03,South Korea,country,138101.02848621292
2022-04,South Korea,country,139522.04571128607
2022-05,South Korea,country,137840.04047306493
2022-06,South Korea,country,128905.9620266799
2022-07,South Korea,country,131700.51082772715
2022-08,South Korea,country,107113.50389709903
2022-09,South Korea,country,139166.3659907763
2022-10,South Korea,country,141313.09202296456
2022-11,South Korea,country,143839.44515424268
2022-12,South Korea,country,209006.60235687465
2023-01,South Korea,country,183413.6909543601
2023-02,South Korea,country,154409.62114552542
2023-03,South Korea,country,149011.80124350128
2023-04,South Korea,country,119518.65566254938
2023-05,South Korea,country,141954.05216201575
2023-06,South Korea,country,141269.94452814263
2023-07,South Korea,country,111305.92139403938
2023-08,South Korea,country,121508.75519105323
2023-09,South Korea,country,126037.06179361399
2023-10,South Korea,country,144303.24349806193
2023-11,South Korea,country,151343.05245712717
2023-12,South Korea,country,143666.0257388519
2024-01,South Korea,country,150557.46047715785
2024-02,South Korea,country,153056.5478917652
2024-03,South Korea,country,152177.20024205046
2024-04,South Korea,country,136172.2617549146
2024-05,South Korea,country,151940.5919239402
2024-06,South Korea,country,149959.96504427327
2024-07,South Korea,country,110930.01608618884
2024-08,South Korea,country,132575.56284364287
2024-09,South Korea,country,121779.3565401352
2024-10,South Korea,country,144495.2041902252
2024-11,South Korea,country,160151.81182875772
2024-12,South Korea,country,159984.25595496225
2025-01,South Korea,country,161632.49396800232
2025-02,South Korea,country,160874.02188147878
2025-03,South Korea,country,143008.4449410088
2025-04,South Korea,country,152876.97188926156
2025-05,South Korea,country,146258.08831283366
2025-06,South Korea,country,136197.69756255663
2025-07,South Korea,country,144057.7825767697
2025-08,South Korea,country,135538.10947936587
2025-09,South Korea,country,137062.15448049625
2025-10,South Korea,country,152508.17350632334
2025-11,South Korea,country,133894.52781812026
2025-12,South Korea,country,153955.29451333964
2026-01,South Korea,country,162576.13755506152
2026-02,South Korea,country,153683.6580675972
2026-03,South Korea,country,151532.86006711097
2026-04,South Korea,country,153710.46320640857
2026-05,South Korea,country,152331.50332109988
2026-06,South Korea,country,151508.60402330925
2026-07,South Korea,country,116719.35506242888
2014-01,Taiwan,country,43721.206055571914
2014-02,Taiwan,country,39811.66835442146
2014-03,Taiwan,country,36979.76812322792
2014-04,Taiwan,country,39347.54947816655
2014-05,Taiwan,country,34669.768965098425
2014-06,Taiwan,country,37531.679457824524
2014-07,Taiwan,country,42063.21966830782
2014-08,Taiwan,country,45289.276374725996
2014-09,Taiwan,country,42551.24746875253
2014-10,Taiwan,country,46412.43245716247
2014-11,Taiwan,country,43682.93480815397
2014-12,Taiwan,country,42657.018104661925
2015-01,Taiwan,country,47172.78963915057
2015-02,Taiwan,country,42695.04498735272
2015-03,Taiwan,country,38577.721172123536
2015-04,Taiwan,country,43519.01295392817
2015-05,Taiwan,country,43615.40822258631
2015-06,Taiwan,country,46153.36114404732
2015-07,Taiwan,country,39078.92192786721
2015-08,Taiwan,country,39885.20901091814
2015-09,Taiwan,country,42534.335687514336
2015-10,Taiwan,country,44157.10419729829
2015-11,Taiwan,country,44496.0417414302
2015-12,Taiwan,country,44265.4355099611
2016-01,Taiwan,country,38975.463224831976
2016-02,Taiwan,country,43827.28270820705
2016-03,Taiwan,country,41856.62237236621
2016-04,Taiwan,country,39000.19530554193
2016-05,Taiwan,country,42472.834333101186
2016-06,Taiwan,country,41030.75080924149
2016-07,Taiwan,country,45907.7860311395
2016-08,Taiwan,country,44125.8618786098
2016-09,Taiwan,country,37661.397854219336
2016-10,Taiwan,country,44471.65343999214
2016-11,Taiwan,country,46396.69230951303
2016-12,Taiwan,country,46215.81531199379
2017-01,Taiwan,country,49719.803519814595
2017-02,Taiwan,country,42723.543045154984
2017-03,Taiwan,country,46300.31569783866
2017-04,Taiwan,country,52813.25335870772
2017-05,Taiwan,country,46368.743622819224
2017-06,Taiwan,country,47215.29123172432
2017-07,Taiwan,country,47611.093575488594
2017-08,Taiwan,country,47652.05986266034
2017-09,Taiwan,country,49167.84222927112
2017-10,Taiwan,country,50520.979650538815
2017-11,Taiwan,country,48351.69740941051
2017-12,Taiwan,country,45073.734185325986
2018-01,Taiwan,country,48350.300167179565
2018-02,Taiwan,country,47330.73390543172
2018-03,Taiwan,country,50167.90235441616
2018-04,Taiwan,country,49423.23591889435
2018-05,Taiwan,country,50283.27866264413
2018-06,Taiwan,country,45721.83656637364
2018-07,Taiwan,country,48435.38452245765
2018-08,Taiwan,country,46090.05167115189
2018-09,Taiwan,country,46245.821483221895
2018-10,Taiwan,country,48157.81455682509
2018-11,Taiwan,country,48692.94912038268
2018-12,Taiwan,country,47161.03995929572
2019-01,Taiwan,country,43106.606282537294
2019-02,Taiwan,country,50501.006140169
2019-03,Taiwan,country,47576.44572024285
2019-04,Taiwan,country,44314.92131313763
2019-05,Taiwan,country,45775.335210223406
2019-06,Taiwan,country,46761.447100995254
2019-07,Taiwan,country,48696.529015309716
2019-08,Taiwan,country,45150.16077841585
2019-09,Taiwan,country,45400.96790654005
2019-10,Taiwan,country,49000.59201883925
2019-11,Taiwan,country,48539.26749097824
2019-12,Taiwan,country,46788.57693079174
2020-01,Taiwan,country,51790.55201673165
2020-02,Taiwan,country,50779.70993173725
2020-03,Taiwan,country,43558.07040657232
2020-04,Taiwan,country,47627.97795134006
2020-05,Taiwan,country,44571.9958847978
2020-06,Taiwan,country,50045.17337379538
2020-07,Taiwan,country,49342.883459380035
2020-08,Taiwan,country,47412.207662956906
2020-09,Taiwan,country,48690.0027748427
2020-10,Taiwan,country,45096.659965441446
2020-11,Taiwan,country,47080.505196798964
2020-12,Taiwan,country,38236.58708561742
2021-01,Taiwan,country,47257.27299937246
2021-02,Taiwan,country,50445.5149862205
2021-03,Taiwan,country,47576.76115076635
2021-04,Taiwan,country,49482.82305605914
2021-05,Taiwan,country,50284.26169841997
2021-06,Taiwan,country,45071.8745186586
2021-07,Taiwan,country,46876.914819755984
2021-08,Taiwan,country,42763.44122393651
2021-09,Taiwan,country,45956.10042509839
2021-10,Taiwan,country,52198.40631865244
2021-11,Taiwan,country,51848.910583545825
2021-12,Taiwan,country,51922.235332249526
2022-01,Taiwan,country,45047.03338386399
2022-02,Taiwan,country,47331.40224041832
2022-03,Taiwan,country,50109.84129143521
2022-04,Taiwan,country,50852.38275578875
2022-05,Taiwan,country,44484.48832431997
2022-06,Taiwan,country,49361.37369868265
2022-08,Taiwan,country,44375.06971914464
2022-09,Taiwan,country,48111.521131349895
2022-10,Taiwan,country,48523.440601358816
2022-11,Taiwan,country,45622.10532233271
2022-12,Taiwan,country,51751.13289496206
2023-01,Taiwan,country,47255.52529067085
2023-02,Taiwan,country,45680.124375771054
2023-03,Taiwan,country,48233.03067107873
2023-04,Taiwan,country,46647.10160380269
2023-05,Taiwan,country,47772.503231914256
2023-06,Taiwan,country,50006.62463392047
2023-07,Taiwan,country,50487.35832123405
2023-08,Taiwan,country,49116.57654314134
2023-09,Taiwan,country,50508.58629535741
2023-10,Taiwan,country,51017.067984936315
2023-11,Taiwan,country,55167.91254697571
2023-12,Taiwan,country,53098.13677098928
2024-01,Taiwan,country,52529.676860717795
2024-02,Taiwan,country,51392.0593083761
2024-03,Taiwan,country,46664.17054922445
2024-04,Taiwan,country,45614.96615396446
2024-05,Taiwan,country,50564.751925043674
2024-06,Taiwan,country,38423.070444361365
2024-07,Taiwan,country,52140.500992267975
2024-08,Taiwan,country,50783.40052980301
2024-09,Taiwan,country,51050.00264886968
2024-10,Taiwan,country,51959.258459586024
2024-11,Taiwan,country,54981.38829693367
2024-12,Taiwan,country,53014.75487012937
2025-01,Taiwan,country,53838.46565219802
2025-02,Taiwan,country,55062.85792160683
2025-03,Taiwan,country,50255.449904620094
2025-04,Taiwan,country,53658.4134763117
2025-05,Taiwan,country,51920.25089613824
2025-06,Taiwan,country,53283.152376862316
2025-07,Taiwan,country,48588.70344092868
2025-08,Taiwan,country,52168.34481837726
2025-09,Taiwan,country,52945.8590182219
2025-10,Taiwan,country,55746.701716168835
2025-11,Taiwan,country,51438.0293092365
2025-12,Taiwan,country,53037.91031573679
2026-01,Taiwan,country,49658.33995407043
2026-02,Taiwan,country,56412.59128290502
2026-03,Taiwan,country,52729.71356343814
2026-04,Taiwan,country,47652.79565979744
2026-05,Taiwan,country,54575.88783504973
2026-06,Taiwan,country,51567.603172753414
2026-07,Taiwan,country,51917.63574942673
2014-01,United States,country,4330757.777332953
2014-02,United States,country,3877982.1160210744
2014-03,United States,country,3140430.0489001516
2014-04,United States,country,2644460.90752959
2014-05,United States,country,2739079.131381884
2014-06,United States,country,2743770.4284195085
2014-07,United States,country,2628090.352695657
2014-08,United States,country,2654949.818623608
2014-09,United States,country,2600373.3395931036
2014-10,United States,country,2696782.1163674654
2014-11,United States,country,3029103.553460746
2014-12,United States,country,3238487.6025530305
2015-01,United States,country,3565746.167818149
2015-02,United States,country,4475956.136897772
2015-03,United States,country,2787748.6573730353
2015-04,United States,country,2668774.6015083003
2015-05,United States,country,2582298.489514471
2015-06,United States,country,2454007.2549492544
2015-07,United States,country,2381406.481549961
2015-08,United States,country,2327116.733422821
2015-09,United States,country,2428902.248069282
2015-10,United States,country,2449416.61799993
2015-11,United States,country,2805279.2100134594
2015-12,United States,country,3080117.549740137
2016-01,United States,country,3343292.5163010736
2016-02,United States,country,3249317.555978473
2016-03,United States,country,2520420.693475262
2016-04,United States,country,2643120.0688804947
2016-05,United States,country,2522893.6428439966
2016-06,United States,country,2514303.612452881
2016-07,United States,country,2295015.534229585
2016-08,United States,country,2301593.7290045707
2016-09,United States,country,2428171.71131094
2016-10,United States,country,2712604.068442695
2016-11,United States,country,2743378.0867645787
2016-12,United States,country,2846542.7326344075
2017-01,United States,country,3201139.4740466787
2017-02,United States,country,3231533.638557779
2017-03,United States,country,2983560.193015435
2017-04,United States,country,3007441.598046226
2017-05,United States,country,3030576.176369495
2017-06,United States,country,2849753.1104884557
2017-07,United States,country,2725648.2183053438
2017-08,United States,country,2843563.761235702
2017-09,United States,country,2942839.908302186
2017-10,United States,country,3379374.610039349
2017-11,United States,country,3379495.933218256
2017-12,United States,country,3951346.9956525723
2018-01,United States,country,4010372.4403101765
2018-02,United States,country,3607409.7690861383
2018-03,United States,country,3514505.73715771
2018-04,United States,country,3262607.963504371
2018-05,United States,country,2970989.6953507005
2018-06,United States,country,2901055.1489179516
2018-07,United States,country,2894782.520517273
2018-08,United States,country,2822358.7337356694
2018-09,United States,country,2678455.036069609
2018-10,United States,country,3142241.418116366
2018-11,United States,country,3424189.925640737
2018-12,United States,country,3497112.196423141
2019-01,United States,country,3499008.1036879052
2019-02,United States,country,3574622.950369187
2019-03,United States,country,3728959.376083248
2019-04,United States,country,3135576.4278643485
2019-05,United States,country,2985258.2120237304
2019-06,United States,country,3026089.8065225314
2019-07,United States,country,2820506.0127700176
2019-08,United States,country,2864970.85744256
2019-09,United States,country,2956859.261464298
2019-10,United States,country,3180057.6484191874
2019-11,United States,country,3268004.5483076167
2019-12,United States,country,3461344.6015791856
2020-01,United States,country,3273344.3675985015
2020-02,United States,country,3622740.788023096
2020-03,United States,country,3135387.1439782004
2020-04,United States,country,3089559.339847153
2020-05,United States,country,3388964.3813412497
2020-06,United States,country,3359381.180334476
2020-07,United States,country,3007486.1616743836
2020-08,United States,country,2925161.5086906175
2020-09,United States,country,2775404.5504422956
2020-10,United States,country,3040339.005219835
2020-11,United States,country,3449400.812071781
2020-12,United States,country,3734095.3179276446
2021-01,United States,country,3718173.0637752037
2021-02,United States,country,4929040.01955438
2021-03,United States,country,3294256.159714045
2021-04,United States,country,3078492.8514854293
2021-05,United States,country,3294416.1376910233
2021-06,United States,country,3517917.0155923464
2021-07,United States,country,3163589.9126200913
2021-08,United States,country,3210729.9599156715
2021-09,United States,country,2974359.168297565
2021-10,United States,country,2933036.908484498
2021-11,United States,country,3283525.107361387
2021-12,United States,country,3685659.784046268
2022-01,United States,country,4585090.305058019
2022-02,United States,country,4457383.160768402
2022-03,United States,country,3591513.4256856735
2022-04,United States,country,3326712.140954442
2022-05,United States,country,3351241.7648368636
2022-06,United States,country,3773432.555809033
2022-07,United States,country,2912252.206540553
2022-08,United States,country,2799626.9952523503
2022-09,United States,country,3333262.521914646
2022-10,United States,country,3403685.4312518863
2022-11,United States,country,3813278.49183465
2022-12,United States,country,4677343.6997969225
2023-01,United States,country,4161775.9827103815
2023-02,United States,country,3931592.2500881744
2023-03,United States,country,3696109.078178935
2023-04,United States,country,3458839.1143568973
2023-05,United States,country,3676333.582672782
2023-06,United States,country,3842958.277567994
2023-07,United States,country,3440271.889925518
2023-08,United States,country,3399876.4582725028
2023-09,United States,country,3283382.6956122727
2023-10,United States,country,3603076.649641871
2023-11,United States,country,3780003.806391244
2023-12,United States,country,3890188.6380332573
2024-01,United States,country,4707367.939040743
2024-02,United States,country,3877757.4069742495
2024-03,United States,country,3583605.206038846
2024-04,United States,country,3652582.570895358
2024-05,United States,country,3943565.8955591293
2024-06,United States,country,4014842.0380893815
2024-07,United States,country,3532265.7460220433
2024-08,United States,country,3566683.2911053067
2024-09,United States,country,3369263.268229863
2024-10,United States,country,3739243.402649135
2024-11,United States,country,3916605.431797586
2024-12,United States,country,4050014.7827760912
2025-01,United States,country,4265044.610114802
2025-02,United States,country,4184869.3453969466
2025-03,United States,country,3592708.9401667425
2025-04,United States,country,3563862.7807062934
2025-05,United States,country,3821568.9960555383
2025-06,United States,country,3993483.8185735065
2025-07,United States,country,3484645.7048808946
2025-08,United States,country,3438105.416281866
2025-09,United States,country,3568553.3993295114
2025-10,United States,country,3795658.76292152
2025-11,United States,country,3632722.732710864
2025-12,United States,country,4297580.387016766
2026-01,United States,country,4782878.435273888
2026-02,United States,country,4132489.983214751
2026-03,United States,country,3892538.4511363166
2026-04,United States,country,3620468.173948733
2026-05,United States,country,3872780.6457935236
2026-06,United States,country,4083714.5258723255
2026-07,United States,country,3709749.26161864
2014-01,World,world,2905245.4321983606
2014-02,World,world,3088152.0487545077
2014-03,World,world,2265640.248413123
2014-04,World,world,2521648.0643110294
2014-05,World,world,1484872.5803260899
2014-06,World,world,1387860.435087249
2014-07,World,world,1746635.5631641992
2014-08,World,world,2911350.638981095
2014-09,World,world,2505027.8661549757
2014-10,World,world,2656951.8417005483
2014-11,World,world,2374095.8065843056
2014-12,World,world,3528608.227841238
2015-01,World,world,3479537.3845053394
2015-02,World,world,3845924.369221855
2015-03,World,world,3319014.8466008995
2015-04,World,world,2717636.3483338356
2015-05,World,world,1702155.3647977212
2015-06,World,world,1662226.9615789931
2015-07,World,world,1416224.8088769016
2015-08,World,world,2223574.318282492
2015-09,World,world,2547693.2893831315
2015-10,World,world,2516387.782230293
2015-11,World,world,3526811.401680788
2015-12,World,world,3067103.5617124294
2016-01,World,world,2620906.579749342
2016-02,World,world,2625168.0834653154
2016-03,World,world,2177432.330191409
2016-04,World,world,2412906.688000144
2016-05,World,world,2310212.0014288328
2016-06,World,world,1509677.6515661103
2016-07,World,world,1406536.9687110037
2016-08,World,world,2091047.0383409201
2016-09,World,world,2803514.7093985467
2016-10,World,world,2916647.1583187766
2016-11,World,world,3008680.937821218
2016-12,World,world,2776821.398020497
2017-01,World,world,3563403.3427859135
2017-02,World,world,4208136.769804963
2017-03,World,world,4537208.204058404
2017-04,World,world,4715365.896603526
2017-05,World,world,3446773.6718362216
2017-06,World,world,2526082.157341826
2017-07,World,world,2597778.39717993
2017-08,World,world,3716366.888512983
2017-09,World,world,4172849.1253147298
2017-10,World,world,4494724.445408976
2017-11,World,world,4763654.810886273
2017-12,World,world,4142050.888360139
2018-01,World,world,4076945.448997955
2018-02,World,world,4096073.988469398
2018-03,World,world,4423837.1469718525
2018-04,World,world,4447109.862202927
2018-05,World,world,3478853.16942645
2018-06,World,world,2455341.242812388
2018-07,World,world,2599426.11258613
2018-08,World,world,3059583.6039622123
2018-09,World,world,3410849.483055845
2018-10,World,world,3649765.5717342524
2018-11,World,world,4355135.646803611
2018-12,World,world,3806846.5245489352
2019-01,World,world,3506368.2115205987
2019-02,World,world,3917140.21259915
2019-03,World,world,3700832.1278701583
2019-04,World,world,4082874.649317465
2019-05,World,world,3202542.8166647
2019-06,World,world,2369078.979768704
2019-07,World,world,2436347.979218665
2019-08,World,world,2920540.5291862004
2019-09,World,world,3647239.2375035696
2019-10,World,world,3900488.455504393
2019-11,World,world,3875438.495392373
2019-12,World,world,3187308.8871874567
2020-01,World,world,2550207.589783699
2020-02,World,world,4237630.527993907
2020-03,World,world,4276283.417597732
2020-04,World,world,4314513.73083678
2020-05,World,world,3746655.3597139237
2020-06,World,world,3112420.098502561
2020-07,World,world,3201523.414506805
2020-08,World,world,3450294.1101143067
2020-09,World,world,3651582.071939943
2020-10,World,world,3921199.12947982
2020-11,World,world,4242600.422277335
2020-12,World,world,4069043.7051537074
2021-01,World,world,4081976.125418952
2021-02,World,world,4679076.710053184
2021-03,World,world,4242898.672131487
2021-04,World,world,4597122.70708771
2021-05,World,world,3767172.2601045435
2021-06,World,world,3363786.5794500294
2021-07,World,world,3137078.782327243
2021-08,World,world,4102833.329830022
2021-09,World,world,3745566.9685068126
2021-10,World,world,4304798.078306191
2021-11,World,world,4762515.722621766
2021-12,World,world,4372487.669166667
2022-01,World,world,4628336.798198938
2022-02,World,world,5034103.696548876
2022-03,World,world,4821579.861988278
2022-04,World,world,5105779.907477132
2022-05,World,world,4238006.1877275985
2022-06,World,world,3605217.3178911502
2022-07,World,world,1652688.3175391408
2022-08,World,world,3170827.4005118944
2022-09,World,world,4683685.478880025
2022-10,World,world,4926282.883936861
2022-11,World,world,5080965.503100411
2022-12,World,world,5377184.921229507
2023-01,World,world,5031238.000802093
2023-02,World,world,5503421.658837748
2023-03,World,world,5277742.635424542
2023-04,World,world,4751683.912637587
2023-05,World,world,4276228.575088612
2023-06,World,world,3824588.8743463075
2023-07,World,world,3552478.7177066924
2023-08,World,world,4048268.26505345
2023-09,World,world,4907578.929575176
2023-10,World,world,4922358.128615265
2023-11,World,world,5930851.195806983
2023-12,World,world,5378683.950461293
2024-01,World,world,4873835.914473856
2024-02,World,world,4846148.688476537
2024-03,World,world,4928848.961209404
2024-04,World,world,5078131.204981077
2024-05,World,world,4603819.243886225
2024-06,World,world,3723935.9397417866
2024-07,World,world,3499021.1878296025
2024-08,World,world,5339756.916699042
2024-09,World,world,4857363.477197318
2024-10,World,world,5660170.342251011
2024-11,World,world,5510624.278901153
2024-12,World,world,5277708.485287179
2025-01,World,world,5747564.435173922
2025-02,World,world,5114128.286309237
2025-03,World,world,5249683.292839359
2025-04,World,world,5297650.185937798
2025-05,World,world,4566457.00192307
2025-06,World,world,3970544.0814524214
2025-07,World,world,3709276.085599261
2025-08,World,world,3988972.774967963
2025-09,World,world,4913866.734073149
2025-10,World,world,5550064.6070954995
2025-11,World,world,5482370.650768809
2025-12,World,world,5660749.245471957
2026-01,World,world,6983200.162036431
2026-02,World,world,6070709.860060177
2026-03,World,world,5318994.566150725
2026-04,World,world,4906203.039450754
2026-05,World,world,4287029.84850385
2026-06,World,world,3737796.834432258
2026-07,World,world,3323374.030813991
